tag,slug,category,parent_path,aliases,master_equation_variable,scope,route_enabled,secondary_categories
Doctrine/Christology/Incarnation,doctrine-christology-incarnation,Uncategorized,Uncategorized/Doctrine/Christology/Incarnation,,,document;paragraph,yes,
God,god,Core doctrine,Doctrine/God,,,document;paragraph,yes,
Trinity,trinity,Core doctrine,Doctrine/Trinity,,,document;paragraph,yes,
Father,father,Core doctrine,Doctrine/Father,,,document;paragraph,yes,
Son,son,Core doctrine,Doctrine/Son,,,document;paragraph,yes,
HolySpirit,holy-spirit,Core doctrine,Doctrine/HolySpirit,,,document;paragraph,yes,
Christology,christology,Core doctrine,Doctrine/Christology,,C,document;paragraph,yes,
Incarnation,incarnation,Core doctrine,Doctrine/Incarnation,,C,document;paragraph,yes,
HypostaticUnion,hypostatic-union,Core doctrine,Doctrine/HypostaticUnion,,,document;paragraph,yes,
DeityOfChrist,deity-of-christ,Core doctrine,Doctrine/DeityOfChrist,,,document;paragraph,yes,
HumanityOfChrist,humanity-of-christ,Core doctrine,Doctrine/HumanityOfChrist,,,document;paragraph,yes,
VirginBirth,virgin-birth,Core doctrine,Doctrine/VirginBirth,,,document;paragraph,yes,
Sinlessness,sinlessness,Core doctrine,Doctrine/Sinlessness,,,document;paragraph,yes,
Atonement,atonement,Core doctrine,Doctrine/Atonement,,,document;paragraph,yes,
PenalSubstitution,penal-substitution,Core doctrine,Doctrine/PenalSubstitution,,,document;paragraph,yes,
ChristusVictor,christus-victor,Core doctrine,Doctrine/ChristusVictor,,,document;paragraph,yes,
Ransom,ransom,Core doctrine,Doctrine/Ransom,,,document;paragraph,yes,
Satisfaction,satisfaction,Core doctrine,Doctrine/Satisfaction,,,document;paragraph,yes,
GovernmentalAtonement,governmental-atonement,Core doctrine,Doctrine/GovernmentalAtonement,,,document;paragraph,yes,
Recapitulation,recapitulation,Core doctrine,Doctrine/Recapitulation,,,document;paragraph,yes,
Cross,cross,Core doctrine,Doctrine/Cross,,C,document;paragraph,yes,
Crucifixion,crucifixion,Core doctrine,Doctrine/Crucifixion,,,document;paragraph,yes,
Blood,blood,Core doctrine,Doctrine/Blood,,,document;paragraph,yes,
Sacrifice,sacrifice,Core doctrine,Doctrine/Sacrifice,,,document;paragraph,yes,
Propitiation,propitiation,Core doctrine,Doctrine/Propitiation,,,document;paragraph,yes,
Expiation,expiation,Core doctrine,Doctrine/Expiation,,,document;paragraph,yes,
Reconciliation,reconciliation,Core doctrine,Doctrine/Reconciliation,,R,document;paragraph,yes,
Redemption,redemption,Core doctrine,Doctrine/Redemption,,,document;paragraph,yes,
Justification,justification,Core doctrine,Doctrine/Justification,,,document;paragraph,yes,
Imputation,imputation,Core doctrine,Doctrine/Imputation,,,document;paragraph,yes,
ForensicRighteousness,forensic-righteousness,Core doctrine,Doctrine/ForensicRighteousness,,,document;paragraph,yes,
Sanctification,sanctification,Core doctrine,Doctrine/Sanctification,,,document;paragraph,yes,
Glorification,glorification,Core doctrine,Doctrine/Glorification,,,document;paragraph,yes,
Resurrection,resurrection,Core doctrine,Doctrine/Resurrection,,C,document;paragraph,yes,
EmptyTomb,empty-tomb,Core doctrine,Doctrine/EmptyTomb,,,document;paragraph,yes,
Ascension,ascension,Core doctrine,Doctrine/Ascension,,,document;paragraph,yes,
Session,session,Core doctrine,Doctrine/Session,,,document;paragraph,yes,
Intercession,intercession,Core doctrine,Doctrine/Intercession,,,document;paragraph,yes,Christian life — practices
SecondComing,second-coming,Core doctrine,Doctrine/SecondComing,,,document;paragraph,yes,
Parousia,parousia,Core doctrine,Doctrine/Parousia,,,document;paragraph,yes,
Judgment,judgment,Core doctrine,Doctrine/Judgment,,,document;paragraph,yes,
Heaven,heaven,Core doctrine,Doctrine/Heaven,,,document;paragraph,yes,
Hell,hell,Core doctrine,Doctrine/Hell,,,document;paragraph,yes,
NewCreation,new-creation,Core doctrine,Doctrine/NewCreation,,,document;paragraph,yes,
KingdomOfGod,kingdom-of-god,Core doctrine,Doctrine/KingdomOfGod,,,document;paragraph,yes,
AlreadyNotYet,already-not-yet,Core doctrine,Doctrine/AlreadyNotYet,,,document;paragraph,yes,
Covenant,covenant,Core doctrine,Doctrine/Covenant,,,document;paragraph,yes,
OldCovenant,old-covenant,Core doctrine,Doctrine/OldCovenant,,,document;paragraph,yes,
NewCovenant,new-covenant,Core doctrine,Doctrine/NewCovenant,,,document;paragraph,yes,
AbrahamicCovenant,abrahamic-covenant,Core doctrine,Doctrine/AbrahamicCovenant,,,document;paragraph,yes,
MosaicCovenant,mosaic-covenant,Core doctrine,Doctrine/MosaicCovenant,,,document;paragraph,yes,
DavidicCovenant,davidic-covenant,Core doctrine,Doctrine/DavidicCovenant,,,document;paragraph,yes,
Election,election,Core doctrine,Doctrine/Election,,,document;paragraph,yes,
Predestination,predestination,Core doctrine,Doctrine/Predestination,,,document;paragraph,yes,
Foreknowledge,foreknowledge,Core doctrine,Doctrine/Foreknowledge,,,document;paragraph,yes,
FreeWill,free-will,Core doctrine,Doctrine/FreeWill,,Q,document;paragraph,yes,
Compatibilism,compatibilism,Core doctrine,Doctrine/Compatibilism,,,document;paragraph,yes,
LibertarianFreedom,libertarian-freedom,Core doctrine,Doctrine/LibertarianFreedom,,,document;paragraph,yes,
Providence,providence,Core doctrine,Doctrine/Providence,,,document;paragraph,yes,
Sovereignty,sovereignty,Core doctrine,Doctrine/Sovereignty,,,document;paragraph,yes,
Omniscience,omniscience,Core doctrine,Doctrine/Omniscience,,,document;paragraph,yes,
Omnipotence,omnipotence,Core doctrine,Doctrine/Omnipotence,,,document;paragraph,yes,
Omnipresence,omnipresence,Core doctrine,Doctrine/Omnipresence,,,document;paragraph,yes,
Immutability,immutability,Core doctrine,Doctrine/Immutability,,,document;paragraph,yes,
Impassibility,impassibility,Core doctrine,Doctrine/Impassibility,,,document;paragraph,yes,
Simplicity,simplicity,Core doctrine,Doctrine/Simplicity,,,document;paragraph,yes,Christian life — practices
Aseity,aseity,Core doctrine,Doctrine/Aseity,,,document;paragraph,yes,
Holiness,holiness,Core doctrine,Doctrine/Holiness,,,document;paragraph,yes,How to use this without drowning
Love,love,Core doctrine,Doctrine/Love,,G,document;paragraph,yes,Christian life — inner life;How to use this without drowning
Justice,justice,Core doctrine,Doctrine/Justice,,,document;paragraph,yes,Moral & social life
Mercy,mercy,Core doctrine,Doctrine/Mercy,,G,document;paragraph,yes,
Grace,grace,Core doctrine,Doctrine/Grace,,G,document;paragraph,yes,How to use this without drowning
Truth,truth,Core doctrine,Doctrine/Truth,,E,document;paragraph,yes,
Wrath,wrath,Core doctrine,Doctrine/Wrath,,,document;paragraph,yes,
Glory,glory,Core doctrine,Doctrine/Glory,,,document;paragraph,yes,
Shekinah,shekinah,Core doctrine,Doctrine/Shekinah,,,document;paragraph,yes,
ImageOfGod,image-of-god,Core doctrine,Doctrine/ImageOfGod,,,document;paragraph,yes,
ImagoDei,imago-dei,Core doctrine,Doctrine/ImagoDei,,,document;paragraph,yes,
Fall,fall,Core doctrine,Doctrine/Fall,,S,document;paragraph,yes,
OriginalSin,original-sin,Core doctrine,Doctrine/OriginalSin,,,document;paragraph,yes,
TotalDepravity,total-depravity,Core doctrine,Doctrine/TotalDepravity,,,document;paragraph,yes,
Concupiscence,concupiscence,Core doctrine,Doctrine/Concupiscence,,,document;paragraph,yes,
Flesh,flesh,Core doctrine,Doctrine/Flesh,,,document;paragraph,yes,
World,world,Core doctrine,Doctrine/World,,,document;paragraph,yes,
Devil,devil,Core doctrine,Doctrine/Devil,,,document;paragraph,yes,
Satan,satan,Core doctrine,Doctrine/Satan,,,document;paragraph,yes,
Demons,demons,Core doctrine,Doctrine/Demons,,,document;paragraph,yes,
SpiritualWarfare,spiritual-warfare,Core doctrine,Doctrine/SpiritualWarfare,,,document;paragraph,yes,
Angels,angels,Core doctrine,Doctrine/Angels,,,document;paragraph,yes,
Principalities,principalities,Core doctrine,Doctrine/Principalities,,,document;paragraph,yes,
Authority,authority,Core doctrine,Doctrine/Authority,,,document;paragraph,yes,Church & corporate life
Keys,keys,Core doctrine,Doctrine/Keys,,,document;paragraph,yes,
Hades,hades,Core doctrine,Doctrine/Hades,,,document;paragraph,yes,
Death,death,Core doctrine,Doctrine/Death,,,document;paragraph,yes,
Life,life,Core doctrine,Doctrine/Life,,,document;paragraph,yes,
Gospel,gospel,Gospel & salvation order,Doctrine/Soteriology/Gospel,,,document;paragraph,yes,
GoodNews,good-news,Gospel & salvation order,Doctrine/Soteriology/GoodNews,,,document;paragraph,yes,
Kerygma,kerygma,Gospel & salvation order,Doctrine/Soteriology/Kerygma,,,document;paragraph,yes,
Repentance,repentance,Gospel & salvation order,Doctrine/Soteriology/Repentance,,,document;paragraph,yes,How to use this without drowning
Faith,faith,Gospel & salvation order,Doctrine/Soteriology/Faith,,Q,document;paragraph,yes,How to use this without drowning
Belief,belief,Gospel & salvation order,Doctrine/Soteriology/Belief,,,document;paragraph,yes,
Trust,trust,Gospel & salvation order,Doctrine/Soteriology/Trust,,,document;paragraph,yes,
Confession,confession,Gospel & salvation order,Doctrine/Soteriology/Confession,,,document;paragraph,yes,
Conversion,conversion,Gospel & salvation order,Doctrine/Soteriology/Conversion,,,document;paragraph,yes,
Regeneration,regeneration,Gospel & salvation order,Doctrine/Soteriology/Regeneration,,,document;paragraph,yes,
NewBirth,new-birth,Gospel & salvation order,Doctrine/Soteriology/NewBirth,,,document;paragraph,yes,
BornAgain,born-again,Gospel & salvation order,Doctrine/Soteriology/BornAgain,,,document;paragraph,yes,
Adoption,adoption,Gospel & salvation order,Doctrine/Soteriology/Adoption,,,document;paragraph,yes,
UnionWithChrist,union-with-christ,Gospel & salvation order,Doctrine/Soteriology/UnionWithChrist,,R,document;paragraph,yes,How to use this without drowning
InChrist,in-christ,Gospel & salvation order,Doctrine/Soteriology/InChrist,,,document;paragraph,yes,
Indwelling,indwelling,Gospel & salvation order,Doctrine/Soteriology/Indwelling,,,document;paragraph,yes,
Sealing,sealing,Gospel & salvation order,Doctrine/Soteriology/Sealing,,,document;paragraph,yes,
Earnest,earnest,Gospel & salvation order,Doctrine/Soteriology/Earnest,,,document;paragraph,yes,
Assurance,assurance,Gospel & salvation order,Doctrine/Soteriology/Assurance,,,document;paragraph,yes,
Perseverance,perseverance,Gospel & salvation order,Doctrine/Soteriology/Perseverance,,,document;paragraph,yes,
Apostasy,apostasy,Gospel & salvation order,Doctrine/Soteriology/Apostasy,,,document;paragraph,yes,
Backsliding,backsliding,Gospel & salvation order,Doctrine/Soteriology/Backsliding,,,document;paragraph,yes,
Restoration,restoration,Gospel & salvation order,Doctrine/Soteriology/Restoration,,,document;paragraph,yes,
Salvation,salvation,Gospel & salvation order,Doctrine/Soteriology/Salvation,,,document;paragraph,yes,
Soteriology,soteriology,Gospel & salvation order,Doctrine/Soteriology/Soteriology,,,document;paragraph,yes,
OrdoSalutis,ordo-salutis,Gospel & salvation order,Doctrine/Soteriology/OrdoSalutis,,,document;paragraph,yes,
Calling,calling,Gospel & salvation order,Doctrine/Soteriology/Calling,,,document;paragraph,yes,
EffectualCall,effectual-call,Gospel & salvation order,Doctrine/Soteriology/EffectualCall,,,document;paragraph,yes,
GeneralCall,general-call,Gospel & salvation order,Doctrine/Soteriology/GeneralCall,,,document;paragraph,yes,
Illumination,illumination,Gospel & salvation order,Doctrine/Soteriology/Illumination,,,document;paragraph,yes,
Conviction,conviction,Gospel & salvation order,Doctrine/Soteriology/Conviction,,,document;paragraph,yes,
GraceAlone,grace-alone,Gospel & salvation order,Doctrine/Soteriology/GraceAlone,,,document;paragraph,yes,
FaithAlone,faith-alone,Gospel & salvation order,Doctrine/Soteriology/FaithAlone,,,document;paragraph,yes,
ChristAlone,christ-alone,Gospel & salvation order,Doctrine/Soteriology/ChristAlone,,C,document;paragraph,yes,
ScriptureAlone,scripture-alone,Gospel & salvation order,Doctrine/Soteriology/ScriptureAlone,,,document;paragraph,yes,
GloryToGodAlone,glory-to-god-alone,Gospel & salvation order,Doctrine/Soteriology/GloryToGodAlone,,,document;paragraph,yes,
MeansOfGrace,means-of-grace,Gospel & salvation order,Doctrine/Soteriology/MeansOfGrace,,,document;paragraph,yes,
CommonGrace,common-grace,Gospel & salvation order,Doctrine/Soteriology/CommonGrace,,,document;paragraph,yes,
SpecialGrace,special-grace,Gospel & salvation order,Doctrine/Soteriology/SpecialGrace,,,document;paragraph,yes,
PrevenientGrace,prevenient-grace,Gospel & salvation order,Doctrine/Soteriology/PrevenientGrace,,,document;paragraph,yes,
IrresistibleGrace,irresistible-grace,Gospel & salvation order,Doctrine/Soteriology/IrresistibleGrace,,,document;paragraph,yes,
SufficientGrace,sufficient-grace,Gospel & salvation order,Doctrine/Soteriology/SufficientGrace,,,document;paragraph,yes,
EfficientGrace,efficient-grace,Gospel & salvation order,Doctrine/Soteriology/EfficientGrace,,,document;paragraph,yes,
Discipleship,discipleship,Christian life — inner life,ChristianLife/InnerLife/Discipleship,,,document;paragraph,yes,
FollowingJesus,following-jesus,Christian life — inner life,ChristianLife/InnerLife/FollowingJesus,,,document;paragraph,yes,
Lordship,lordship,Christian life — inner life,ChristianLife/InnerLife/Lordship,,,document;paragraph,yes,
Surrender,surrender,Christian life — inner life,ChristianLife/InnerLife/Surrender,,,document;paragraph,yes,
Obedience,obedience,Christian life — inner life,ChristianLife/InnerLife/Obedience,,M,document;paragraph,yes,How to use this without drowning
HolinessOfLife,holiness-of-life,Christian life — inner life,ChristianLife/InnerLife/HolinessOfLife,,,document;paragraph,yes,
Purity,purity,Christian life — inner life,ChristianLife/InnerLife/Purity,,,document;paragraph,yes,
Conscience,conscience,Christian life — inner life,ChristianLife/InnerLife/Conscience,,,document;paragraph,yes,
Heart,heart,Christian life — inner life,ChristianLife/InnerLife/Heart,,,document;paragraph,yes,
Mind,mind,Christian life — inner life,ChristianLife/InnerLife/Mind,,,document;paragraph,yes,
Will,will,Christian life — inner life,ChristianLife/InnerLife/Will,,Q,document;paragraph,yes,Your Theophysics / operator-adjacent tags
Affections,affections,Christian life — inner life,ChristianLife/InnerLife/Affections,,,document;paragraph,yes,
Desire,desire,Christian life — inner life,ChristianLife/InnerLife/Desire,,,document;paragraph,yes,
Idolatry,idolatry,Christian life — inner life,ChristianLife/InnerLife/Idolatry,,,document;paragraph,yes,
RepentanceDaily,repentance-daily,Christian life — inner life,ChristianLife/InnerLife/RepentanceDaily,,,document;paragraph,yes,
Mortification,mortification,Christian life — inner life,ChristianLife/InnerLife/Mortification,,,document;paragraph,yes,
Vivification,vivification,Christian life — inner life,ChristianLife/InnerLife/Vivification,,,document;paragraph,yes,
SelfDenial,self-denial,Christian life — inner life,ChristianLife/InnerLife/SelfDenial,,,document;paragraph,yes,
CrossBearing,cross-bearing,Christian life — inner life,ChristianLife/InnerLife/CrossBearing,,,document;paragraph,yes,
DyingToSelf,dying-to-self,Christian life — inner life,ChristianLife/InnerLife/DyingToSelf,,,document;paragraph,yes,
NewSelf,new-self,Christian life — inner life,ChristianLife/InnerLife/NewSelf,,,document;paragraph,yes,
OldSelf,old-self,Christian life — inner life,ChristianLife/InnerLife/OldSelf,,,document;paragraph,yes,
RenewalOfMind,renewal-of-mind,Christian life — inner life,ChristianLife/InnerLife/RenewalOfMind,,,document;paragraph,yes,
Transformation,transformation,Christian life — inner life,ChristianLife/InnerLife/Transformation,,,document;paragraph,yes,
Metamorphosis,metamorphosis,Christian life — inner life,ChristianLife/InnerLife/Metamorphosis,,,document;paragraph,yes,
FruitOfSpirit,fruit-of-spirit,Christian life — inner life,ChristianLife/InnerLife/FruitOfSpirit,,F,document;paragraph,yes,
Joy,joy,Christian life — inner life,ChristianLife/InnerLife/Joy,,F,document;paragraph,yes,
Peace,peace,Christian life — inner life,ChristianLife/InnerLife/Peace,,F,document;paragraph,yes,Moral & social life
Patience,patience,Christian life — inner life,ChristianLife/InnerLife/Patience,,F,document;paragraph,yes,
Kindness,kindness,Christian life — inner life,ChristianLife/InnerLife/Kindness,,F,document;paragraph,yes,
Goodness,goodness,Christian life — inner life,ChristianLife/InnerLife/Goodness,,F,document;paragraph,yes,
Faithfulness,faithfulness,Christian life — inner life,ChristianLife/InnerLife/Faithfulness,,F,document;paragraph,yes,
Gentleness,gentleness,Christian life — inner life,ChristianLife/InnerLife/Gentleness,,F,document;paragraph,yes,
SelfControl,self-control,Christian life — inner life,ChristianLife/InnerLife/SelfControl,,F,document;paragraph,yes,
Beatitudes,beatitudes,Christian life — inner life,ChristianLife/InnerLife/Beatitudes,,,document;paragraph,yes,
PovertyOfSpirit,poverty-of-spirit,Christian life — inner life,ChristianLife/InnerLife/PovertyOfSpirit,,,document;paragraph,yes,
Mourning,mourning,Christian life — inner life,ChristianLife/InnerLife/Mourning,,,document;paragraph,yes,
Meekness,meekness,Christian life — inner life,ChristianLife/InnerLife/Meekness,,,document;paragraph,yes,
HungerForRighteousness,hunger-for-righteousness,Christian life — inner life,ChristianLife/InnerLife/HungerForRighteousness,,,document;paragraph,yes,
Merciful,merciful,Christian life — inner life,ChristianLife/InnerLife/Merciful,,,document;paragraph,yes,
PureInHeart,pure-in-heart,Christian life — inner life,ChristianLife/InnerLife/PureInHeart,,,document;paragraph,yes,
Peacemaker,peacemaker,Christian life — inner life,ChristianLife/InnerLife/Peacemaker,,,document;paragraph,yes,
Persecuted,persecuted,Christian life — inner life,ChristianLife/InnerLife/Persecuted,,,document;paragraph,yes,
Humility,humility,Christian life — inner life,ChristianLife/InnerLife/Humility,,,document;paragraph,yes,
Pride,pride,Christian life — inner life,ChristianLife/InnerLife/Pride,,,document;paragraph,yes,
Envy,envy,Christian life — inner life,ChristianLife/InnerLife/Envy,,,document;paragraph,yes,
Anger,anger,Christian life — inner life,ChristianLife/InnerLife/Anger,,,document;paragraph,yes,
Sloth,sloth,Christian life — inner life,ChristianLife/InnerLife/Sloth,,,document;paragraph,yes,
Greed,greed,Christian life — inner life,ChristianLife/InnerLife/Greed,,,document;paragraph,yes,
Lust,lust,Christian life — inner life,ChristianLife/InnerLife/Lust,,,document;paragraph,yes,
Gluttony,gluttony,Christian life — inner life,ChristianLife/InnerLife/Gluttony,,,document;paragraph,yes,
SevenDeadlySins,seven-deadly-sins,Christian life — inner life,ChristianLife/InnerLife/SevenDeadlySins,,,document;paragraph,yes,
CardinalVirtues,cardinal-virtues,Christian life — inner life,ChristianLife/InnerLife/CardinalVirtues,,,document;paragraph,yes,
TheologicalVirtues,theological-virtues,Christian life — inner life,ChristianLife/InnerLife/TheologicalVirtues,,,document;paragraph,yes,
FaithHopeLove,faith-hope-love,Christian life — inner life,ChristianLife/InnerLife/FaithHopeLove,,,document;paragraph,yes,
Hope,hope,Christian life — inner life,ChristianLife/InnerLife/Hope,,,document;paragraph,yes,How to use this without drowning
FearOfTheLord,fear-of-the-lord,Christian life — inner life,ChristianLife/InnerLife/FearOfTheLord,,,document;paragraph,yes,
Reverence,reverence,Christian life — inner life,ChristianLife/InnerLife/Reverence,,,document;paragraph,yes,
Awe,awe,Christian life — inner life,ChristianLife/InnerLife/Awe,,,document;paragraph,yes,
Wonder,wonder,Christian life — inner life,ChristianLife/InnerLife/Wonder,,,document;paragraph,yes,
Gratitude,gratitude,Christian life — inner life,ChristianLife/InnerLife/Gratitude,,,document;paragraph,yes,
Thanksgiving,thanksgiving,Christian life — inner life,ChristianLife/InnerLife/Thanksgiving,,,document;paragraph,yes,
Contentment,contentment,Christian life — inner life,ChristianLife/InnerLife/Contentment,,,document;paragraph,yes,
Anxiety,anxiety,Christian life — inner life,ChristianLife/InnerLife/Anxiety,,,document;paragraph,yes,
Worry,worry,Christian life — inner life,ChristianLife/InnerLife/Worry,,,document;paragraph,yes,
Fear,fear,Christian life — inner life,ChristianLife/InnerLife/Fear,,,document;paragraph,yes,
Courage,courage,Christian life — inner life,ChristianLife/InnerLife/Courage,,,document;paragraph,yes,
Boldness,boldness,Christian life — inner life,ChristianLife/InnerLife/Boldness,,,document;paragraph,yes,
Zeal,zeal,Christian life — inner life,ChristianLife/InnerLife/Zeal,,,document;paragraph,yes,
Lukewarmness,lukewarmness,Christian life — inner life,ChristianLife/InnerLife/Lukewarmness,,,document;paragraph,yes,
Apathy,apathy,Christian life — inner life,ChristianLife/InnerLife/Apathy,,,document;paragraph,yes,
SpiritualDryness,spiritual-dryness,Christian life — inner life,ChristianLife/InnerLife/SpiritualDryness,,,document;paragraph,yes,
DarkNight,dark-night,Christian life — inner life,ChristianLife/InnerLife/DarkNight,,,document;paragraph,yes,
Consolation,consolation,Christian life — inner life,ChristianLife/InnerLife/Consolation,,,document;paragraph,yes,
Desolation,desolation,Christian life — inner life,ChristianLife/InnerLife/Desolation,,,document;paragraph,yes,
Discernment,discernment,Christian life — inner life,ChristianLife/InnerLife/Discernment,,,document;paragraph,yes,
Wisdom,wisdom,Christian life — inner life,ChristianLife/InnerLife/Wisdom,,,document;paragraph,yes,
Understanding,understanding,Christian life — inner life,ChristianLife/InnerLife/Understanding,,,document;paragraph,yes,
Counsel,counsel,Christian life — inner life,ChristianLife/InnerLife/Counsel,,,document;paragraph,yes,
Knowledge,knowledge,Christian life — inner life,ChristianLife/InnerLife/Knowledge,,K,document;paragraph,yes,
Piety,piety,Christian life — inner life,ChristianLife/InnerLife/Piety,,,document;paragraph,yes,
Fortitude,fortitude,Christian life — inner life,ChristianLife/InnerLife/Fortitude,,,document;paragraph,yes,
Prayer,prayer,Christian life — practices,ChristianLife/Practices/Prayer,,,document;paragraph,yes,How to use this without drowning
Adoration,adoration,Christian life — practices,ChristianLife/Practices/Adoration,,,document;paragraph,yes,
ConfessionPrayer,confession-prayer,Christian life — practices,ChristianLife/Practices/ConfessionPrayer,,,document;paragraph,yes,
ThanksgivingPrayer,thanksgiving-prayer,Christian life — practices,ChristianLife/Practices/ThanksgivingPrayer,,,document;paragraph,yes,
Supplication,supplication,Christian life — practices,ChristianLife/Practices/Supplication,,,document;paragraph,yes,
Petition,petition,Christian life — practices,ChristianLife/Practices/Petition,,,document;paragraph,yes,
ListeningPrayer,listening-prayer,Christian life — practices,ChristianLife/Practices/ListeningPrayer,,,document;paragraph,yes,
Contemplation,contemplation,Christian life — practices,ChristianLife/Practices/Contemplation,,,document;paragraph,yes,
Meditation,meditation,Christian life — practices,ChristianLife/Practices/Meditation,,,document;paragraph,yes,
LectioDivina,lectio-divina,Christian life — practices,ChristianLife/Practices/LectioDivina,,,document;paragraph,yes,
Examen,examen,Christian life — practices,ChristianLife/Practices/Examen,,,document;paragraph,yes,
Fasting,fasting,Christian life — practices,ChristianLife/Practices/Fasting,,,document;paragraph,yes,
Feasting,feasting,Christian life — practices,ChristianLife/Practices/Feasting,,,document;paragraph,yes,
Sabbath,sabbath,Christian life — practices,ChristianLife/Practices/Sabbath,,,document;paragraph,yes,
Rest,rest,Christian life — practices,ChristianLife/Practices/Rest,,,document;paragraph,yes,
Worship,worship,Christian life — practices,ChristianLife/Practices/Worship,,,document;paragraph,yes,
Liturgy,liturgy,Christian life — practices,ChristianLife/Practices/Liturgy,,,document;paragraph,yes,
Praise,praise,Christian life — practices,ChristianLife/Practices/Praise,,,document;paragraph,yes,
Singing,singing,Christian life — practices,ChristianLife/Practices/Singing,,,document;paragraph,yes,
Psalms,psalms,Christian life — practices,ChristianLife/Practices/Psalms,,,document;paragraph,yes,
Hymns,hymns,Christian life — practices,ChristianLife/Practices/Hymns,,,document;paragraph,yes,
SpiritualSongs,spiritual-songs,Christian life — practices,ChristianLife/Practices/SpiritualSongs,,,document;paragraph,yes,
ScriptureReading,scripture-reading,Christian life — practices,ChristianLife/Practices/ScriptureReading,,K,document;paragraph,yes,
BibleStudy,bible-study,Christian life — practices,ChristianLife/Practices/BibleStudy,,K,document;paragraph,yes,
Memorization,memorization,Christian life — practices,ChristianLife/Practices/Memorization,,,document;paragraph,yes,
MeditationOnWord,meditation-on-word,Christian life — practices,ChristianLife/Practices/MeditationOnWord,,,document;paragraph,yes,
Preaching,preaching,Christian life — practices,ChristianLife/Practices/Preaching,,,document;paragraph,yes,
HearingTheWord,hearing-the-word,Christian life — practices,ChristianLife/Practices/HearingTheWord,,,document;paragraph,yes,
Teaching,teaching,Christian life — practices,ChristianLife/Practices/Teaching,,K,document;paragraph,yes,
Learning,learning,Christian life — practices,ChristianLife/Practices/Learning,,,document;paragraph,yes,
Catechesis,catechesis,Christian life — practices,ChristianLife/Practices/Catechesis,,,document;paragraph,yes,
Devotions,devotions,Christian life — practices,ChristianLife/Practices/Devotions,,,document;paragraph,yes,
QuietTime,quiet-time,Christian life — practices,ChristianLife/Practices/QuietTime,,,document;paragraph,yes,
Retreat,retreat,Christian life — practices,ChristianLife/Practices/Retreat,,,document;paragraph,yes,
Silence,silence,Christian life — practices,ChristianLife/Practices/Silence,,,document;paragraph,yes,
Solitude,solitude,Christian life — practices,ChristianLife/Practices/Solitude,,,document;paragraph,yes,
Community,community,Christian life — practices,ChristianLife/Practices/Community,,,document;paragraph,yes,
Fellowship,fellowship,Christian life — practices,ChristianLife/Practices/Fellowship,,,document;paragraph,yes,
Koinonia,koinonia,Christian life — practices,ChristianLife/Practices/Koinonia,,,document;paragraph,yes,
Hospitality,hospitality,Christian life — practices,ChristianLife/Practices/Hospitality,,,document;paragraph,yes,
TableFellowship,table-fellowship,Christian life — practices,ChristianLife/Practices/TableFellowship,,,document;paragraph,yes,
LordSupper,lord-supper,Christian life — practices,ChristianLife/Practices/LordSupper,,,document;paragraph,yes,
Eucharist,eucharist,Christian life — practices,ChristianLife/Practices/Eucharist,,,document;paragraph,yes,
Communion,communion,Christian life — practices,ChristianLife/Practices/Communion,,,document;paragraph,yes,
Baptism,baptism,Christian life — practices,ChristianLife/Practices/Baptism,,,document;paragraph,yes,
InfantBaptism,infant-baptism,Christian life — practices,ChristianLife/Practices/InfantBaptism,,,document;paragraph,yes,
BelieversBaptism,believers-baptism,Christian life — practices,ChristianLife/Practices/BelieversBaptism,,,document;paragraph,yes,
Confirmation,confirmation,Christian life — practices,ChristianLife/Practices/Confirmation,,,document;paragraph,yes,
Ordination,ordination,Christian life — practices,ChristianLife/Practices/Ordination,,,document;paragraph,yes,
Marriage,marriage,Christian life — practices,ChristianLife/Practices/Marriage,,,document;paragraph,yes,
Singleness,singleness,Christian life — practices,ChristianLife/Practices/Singleness,,,document;paragraph,yes,
Celibacy,celibacy,Christian life — practices,ChristianLife/Practices/Celibacy,,,document;paragraph,yes,
Vocation,vocation,Christian life — practices,ChristianLife/Practices/Vocation,,,document;paragraph,yes,
CallingWork,calling-work,Christian life — practices,ChristianLife/Practices/CallingWork,,,document;paragraph,yes,
Stewardship,stewardship,Christian life — practices,ChristianLife/Practices/Stewardship,,,document;paragraph,yes,
Tithing,tithing,Christian life — practices,ChristianLife/Practices/Tithing,,,document;paragraph,yes,
Generosity,generosity,Christian life — practices,ChristianLife/Practices/Generosity,,,document;paragraph,yes,
Almsgiving,almsgiving,Christian life — practices,ChristianLife/Practices/Almsgiving,,,document;paragraph,yes,
PovertyOfSpiritPractice,poverty-of-spirit-practice,Christian life — practices,ChristianLife/Practices/PovertyOfSpiritPractice,,,document;paragraph,yes,
Service,service,Christian life — practices,ChristianLife/Practices/Service,,,document;paragraph,yes,
Diakonia,diakonia,Christian life — practices,ChristianLife/Practices/Diakonia,,,document;paragraph,yes,
FootWashing,foot-washing,Christian life — practices,ChristianLife/Practices/FootWashing,,,document;paragraph,yes,
Mission,mission,Christian life — practices,ChristianLife/Practices/Mission,,,document;paragraph,yes,How to use this without drowning
Evangelism,evangelism,Christian life — practices,ChristianLife/Practices/Evangelism,,,document;paragraph,yes,
Witness,witness,Christian life — practices,ChristianLife/Practices/Witness,,,document;paragraph,yes,
Testimony,testimony,Christian life — practices,ChristianLife/Practices/Testimony,,,document;paragraph,yes,
Apologetics,apologetics,Christian life — practices,ChristianLife/Practices/Apologetics,,,document;paragraph,yes,
DiscipleshipMaking,discipleship-making,Christian life — practices,ChristianLife/Practices/DiscipleshipMaking,,,document;paragraph,yes,
Mentoring,mentoring,Christian life — practices,ChristianLife/Practices/Mentoring,,,document;paragraph,yes,
SpiritualDirection,spiritual-direction,Christian life — practices,ChristianLife/Practices/SpiritualDirection,,,document;paragraph,yes,
Accountability,accountability,Christian life — practices,ChristianLife/Practices/Accountability,,,document;paragraph,yes,
ChurchDiscipline,church-discipline,Christian life — practices,ChristianLife/Practices/ChurchDiscipline,,,document;paragraph,yes,
ReconciliationPractice,reconciliation-practice,Christian life — practices,ChristianLife/Practices/ReconciliationPractice,,,document;paragraph,yes,
Forgiveness,forgiveness,Christian life — practices,ChristianLife/Practices/Forgiveness,,,document;paragraph,yes,
Peacemaking,peacemaking,Christian life — practices,ChristianLife/Practices/Peacemaking,,,document;paragraph,yes,
JusticeDoing,justice-doing,Christian life — practices,ChristianLife/Practices/JusticeDoing,,,document;paragraph,yes,
MercyMinistry,mercy-ministry,Christian life — practices,ChristianLife/Practices/MercyMinistry,,,document;paragraph,yes,
CareForPoor,care-for-poor,Christian life — practices,ChristianLife/Practices/CareForPoor,,,document;paragraph,yes,
WidowOrphan,widow-orphan,Christian life — practices,ChristianLife/Practices/WidowOrphan,,,document;paragraph,yes,
Stranger,stranger,Christian life — practices,ChristianLife/Practices/Stranger,,,document;paragraph,yes,
PrisonMinistry,prison-ministry,Christian life — practices,ChristianLife/Practices/PrisonMinistry,,,document;paragraph,yes,
HealingPrayer,healing-prayer,Christian life — practices,ChristianLife/Practices/HealingPrayer,,,document;paragraph,yes,
Anointing,anointing,Christian life — practices,ChristianLife/Practices/Anointing,,,document;paragraph,yes,
LayingOnOfHands,laying-on-of-hands,Christian life — practices,ChristianLife/Practices/LayingOnOfHands,,,document;paragraph,yes,
SpiritualGifts,spiritual-gifts,Christian life — practices,ChristianLife/Practices/SpiritualGifts,,,document;paragraph,yes,
Charismata,charismata,Christian life — practices,ChristianLife/Practices/Charismata,,,document;paragraph,yes,
Prophecy,prophecy,Christian life — practices,ChristianLife/Practices/Prophecy,,,document;paragraph,yes,
Tongues,tongues,Christian life — practices,ChristianLife/Practices/Tongues,,,document;paragraph,yes,
Interpretation,interpretation,Christian life — practices,ChristianLife/Practices/Interpretation,,,document;paragraph,yes,
Healing,healing,Christian life — practices,ChristianLife/Practices/Healing,,,document;paragraph,yes,
Miracles,miracles,Christian life — practices,ChristianLife/Practices/Miracles,,,document;paragraph,yes,
WordOfKnowledge,word-of-knowledge,Christian life — practices,ChristianLife/Practices/WordOfKnowledge,,,document;paragraph,yes,
WordOfWisdom,word-of-wisdom,Christian life — practices,ChristianLife/Practices/WordOfWisdom,,,document;paragraph,yes,
DiscerningSpirits,discerning-spirits,Christian life — practices,ChristianLife/Practices/DiscerningSpirits,,,document;paragraph,yes,
Helps,helps,Christian life — practices,ChristianLife/Practices/Helps,,,document;paragraph,yes,
Administration,administration,Christian life — practices,ChristianLife/Practices/Administration,,,document;paragraph,yes,
Leadership,leadership,Christian life — practices,ChristianLife/Practices/Leadership,,,document;paragraph,yes,
Shepherding,shepherding,Christian life — practices,ChristianLife/Practices/Shepherding,,,document;paragraph,yes,
Pastoring,pastoring,Christian life — practices,ChristianLife/Practices/Pastoring,,,document;paragraph,yes,
Eldership,eldership,Christian life — practices,ChristianLife/Practices/Eldership,,,document;paragraph,yes,
Deacon,deacon,Christian life — practices,ChristianLife/Practices/Deacon,,,document;paragraph,yes,
Church,church,Church & corporate life,Church/Church,,R,document;paragraph,yes,How to use this without drowning
Ecclesiology,ecclesiology,Church & corporate life,Church/Ecclesiology,,,document;paragraph,yes,
BodyOfChrist,body-of-christ,Church & corporate life,Church/BodyOfChrist,,R,document;paragraph,yes,
BrideOfChrist,bride-of-christ,Church & corporate life,Church/BrideOfChrist,,,document;paragraph,yes,
Temple,temple,Church & corporate life,Church/Temple,,,document;paragraph,yes,
PeopleOfGod,people-of-god,Church & corporate life,Church/PeopleOfGod,,,document;paragraph,yes,
LocalChurch,local-church,Church & corporate life,Church/LocalChurch,,,document;paragraph,yes,
UniversalChurch,universal-church,Church & corporate life,Church/UniversalChurch,,,document;paragraph,yes,
InvisibleChurch,invisible-church,Church & corporate life,Church/InvisibleChurch,,,document;paragraph,yes,
VisibleChurch,visible-church,Church & corporate life,Church/VisibleChurch,,,document;paragraph,yes,
Denomination,denomination,Church & corporate life,Church/Denomination,,,document;paragraph,yes,
Tradition,tradition,Church & corporate life,Church/Tradition,,,document;paragraph,yes,
Catholic,catholic,Church & corporate life,Church/Catholic,,,document;paragraph,yes,
Orthodox,orthodox,Church & corporate life,Church/Orthodox,,,document;paragraph,yes,
Protestant,protestant,Church & corporate life,Church/Protestant,,,document;paragraph,yes,
Evangelical,evangelical,Church & corporate life,Church/Evangelical,,,document;paragraph,yes,
Reformed,reformed,Church & corporate life,Church/Reformed,,,document;paragraph,yes,
Lutheran,lutheran,Church & corporate life,Church/Lutheran,,,document;paragraph,yes,
Anglican,anglican,Church & corporate life,Church/Anglican,,,document;paragraph,yes,
Pentecostal,pentecostal,Church & corporate life,Church/Pentecostal,,,document;paragraph,yes,
Charismatic,charismatic,Church & corporate life,Church/Charismatic,,,document;paragraph,yes,
Anabaptist,anabaptist,Church & corporate life,Church/Anabaptist,,,document;paragraph,yes,
Unity,unity,Church & corporate life,Church/Unity,,,document;paragraph,yes,
Schism,schism,Church & corporate life,Church/Schism,,,document;paragraph,yes,
Heresy,heresy,Church & corporate life,Church/Heresy,,,document;paragraph,yes,
Orthodoxy,orthodoxy,Church & corporate life,Church/Orthodoxy,,,document;paragraph,yes,
Creeds,creeds,Church & corporate life,Church/Creeds,,,document;paragraph,yes,
Confessions,confessions,Church & corporate life,Church/Confessions,,,document;paragraph,yes,
Councils,councils,Church & corporate life,Church/Councils,,,document;paragraph,yes,
Apostolicity,apostolicity,Church & corporate life,Church/Apostolicity,,,document;paragraph,yes,
Catholicity,catholicity,Church & corporate life,Church/Catholicity,,,document;paragraph,yes,
HolinessChurch,holiness-church,Church & corporate life,Church/HolinessChurch,,,document;paragraph,yes,
UnityMarks,unity-marks,Church & corporate life,Church/UnityMarks,,,document;paragraph,yes,
WordAndSacrament,word-and-sacrament,Church & corporate life,Church/WordAndSacrament,,,document;paragraph,yes,
KeysOfKingdom,keys-of-kingdom,Church & corporate life,Church/KeysOfKingdom,,,document;paragraph,yes,
BindingLoosing,binding-loosing,Church & corporate life,Church/BindingLoosing,,,document;paragraph,yes,
Submission,submission,Church & corporate life,Church/Submission,,,document;paragraph,yes,
MutualSubmission,mutual-submission,Church & corporate life,Church/MutualSubmission,,,document;paragraph,yes,
Headship,headship,Church & corporate life,Church/Headship,,,document;paragraph,yes,
PriesthoodOfBelievers,priesthood-of-believers,Church & corporate life,Church/PriesthoodOfBelievers,,,document;paragraph,yes,
Clergy,clergy,Church & corporate life,Church/Clergy,,,document;paragraph,yes,
Laity,laity,Church & corporate life,Church/Laity,,,document;paragraph,yes,
WorshipGathering,worship-gathering,Church & corporate life,Church/WorshipGathering,,,document;paragraph,yes,
LordDay,lord-day,Church & corporate life,Church/LordDay,,,document;paragraph,yes,
Calendar,calendar,Church & corporate life,Church/Calendar,,,document;paragraph,yes,
LiturgicalYear,liturgical-year,Church & corporate life,Church/LiturgicalYear,,,document;paragraph,yes,
Advent,advent,Church & corporate life,Church/Advent,,,document;paragraph,yes,
Christmas,christmas,Church & corporate life,Church/Christmas,,,document;paragraph,yes,
Epiphany,epiphany,Church & corporate life,Church/Epiphany,,,document;paragraph,yes,
Lent,lent,Church & corporate life,Church/Lent,,,document;paragraph,yes,
HolyWeek,holy-week,Church & corporate life,Church/HolyWeek,,,document;paragraph,yes,
GoodFriday,good-friday,Church & corporate life,Church/GoodFriday,,,document;paragraph,yes,
Easter,easter,Church & corporate life,Church/Easter,,,document;paragraph,yes,
Pentecost,pentecost,Church & corporate life,Church/Pentecost,,,document;paragraph,yes,
OrdinaryTime,ordinary-time,Church & corporate life,Church/OrdinaryTime,,,document;paragraph,yes,
Ethics,ethics,Moral & social life,Ethics/Ethics,,M,document;paragraph,yes,
MoralTheology,moral-theology,Moral & social life,Ethics/MoralTheology,,,document;paragraph,yes,
NaturalLaw,natural-law,Moral & social life,Ethics/NaturalLaw,,,document;paragraph,yes,
DivineCommand,divine-command,Moral & social life,Ethics/DivineCommand,,,document;paragraph,yes,
VirtueEthics,virtue-ethics,Moral & social life,Ethics/VirtueEthics,,,document;paragraph,yes,
Deontology,deontology,Moral & social life,Ethics/Deontology,,,document;paragraph,yes,
Teleology,teleology,Moral & social life,Ethics/Teleology,,,document;paragraph,yes,
ConscienceFormation,conscience-formation,Moral & social life,Ethics/ConscienceFormation,,,document;paragraph,yes,
MoralAbsolutes,moral-absolutes,Moral & social life,Ethics/MoralAbsolutes,,,document;paragraph,yes,
Casuistry,casuistry,Moral & social life,Ethics/Casuistry,,,document;paragraph,yes,
SexualEthics,sexual-ethics,Moral & social life,Ethics/SexualEthics,,,document;paragraph,yes,
Chastity,chastity,Moral & social life,Ethics/Chastity,,,document;paragraph,yes,
Fidelity,fidelity,Moral & social life,Ethics/Fidelity,,,document;paragraph,yes,
MarriageCovenant,marriage-covenant,Moral & social life,Ethics/MarriageCovenant,,,document;paragraph,yes,
Divorce,divorce,Moral & social life,Ethics/Divorce,,,document;paragraph,yes,
Remarriage,remarriage,Moral & social life,Ethics/Remarriage,,,document;paragraph,yes,
Family,family,Moral & social life,Ethics/Family,,,document;paragraph,yes,
Parenting,parenting,Moral & social life,Ethics/Parenting,,,document;paragraph,yes,
Children,children,Moral & social life,Ethics/Children,,,document;paragraph,yes,
HonorParents,honor-parents,Moral & social life,Ethics/HonorParents,,,document;paragraph,yes,
WorkEthic,work-ethic,Moral & social life,Ethics/WorkEthic,,,document;paragraph,yes,
Honesty,honesty,Moral & social life,Ethics/Honesty,,,document;paragraph,yes,
Integrity,integrity,Moral & social life,Ethics/Integrity,,,document;paragraph,yes,
TruthTelling,truth-telling,Moral & social life,Ethics/TruthTelling,,,document;paragraph,yes,
Speech,speech,Moral & social life,Ethics/Speech,,,document;paragraph,yes,
Gossip,gossip,Moral & social life,Ethics/Gossip,,,document;paragraph,yes,
Slander,slander,Moral & social life,Ethics/Slander,,,document;paragraph,yes,
Blessing,blessing,Moral & social life,Ethics/Blessing,,,document;paragraph,yes,
Cursing,cursing,Moral & social life,Ethics/Cursing,,,document;paragraph,yes,
Money,money,Moral & social life,Ethics/Money,,,document;paragraph,yes,
Wealth,wealth,Moral & social life,Ethics/Wealth,,,document;paragraph,yes,
Poverty,poverty,Moral & social life,Ethics/Poverty,,,document;paragraph,yes,
Debt,debt,Moral & social life,Ethics/Debt,,,document;paragraph,yes,
ContentmentEconomics,contentment-economics,Moral & social life,Ethics/ContentmentEconomics,,,document;paragraph,yes,
Righteousness,righteousness,Moral & social life,Ethics/Righteousness,,,document;paragraph,yes,
Equity,equity,Moral & social life,Ethics/Equity,,,document;paragraph,yes,
Oppression,oppression,Moral & social life,Ethics/Oppression,,,document;paragraph,yes,
Liberation,liberation,Moral & social life,Ethics/Liberation,,,document;paragraph,yes,
Race,race,Moral & social life,Ethics/Race,,,document;paragraph,yes,
Nation,nation,Moral & social life,Ethics/Nation,,,document;paragraph,yes,
Politics,politics,Moral & social life,Ethics/Politics,,,document;paragraph,yes,
Citizenship,citizenship,Moral & social life,Ethics/Citizenship,,,document;paragraph,yes,
CivilDisobedience,civil-disobedience,Moral & social life,Ethics/CivilDisobedience,,,document;paragraph,yes,
War,war,Moral & social life,Ethics/War,,,document;paragraph,yes,
JustWar,just-war,Moral & social life,Ethics/JustWar,,,document;paragraph,yes,
Pacifism,pacifism,Moral & social life,Ethics/Pacifism,,,document;paragraph,yes,
Violence,violence,Moral & social life,Ethics/Violence,,,document;paragraph,yes,
EnemyLove,enemy-love,Moral & social life,Ethics/EnemyLove,,,document;paragraph,yes,
NeighborLove,neighbor-love,Moral & social life,Ethics/NeighborLove,,,document;paragraph,yes,
GoldenRule,golden-rule,Moral & social life,Ethics/GoldenRule,,,document;paragraph,yes,
GreatCommandment,great-commandment,Moral & social life,Ethics/GreatCommandment,,,document;paragraph,yes,
SecondTable,second-table,Moral & social life,Ethics/SecondTable,,,document;paragraph,yes,
TenCommandments,ten-commandments,Moral & social life,Ethics/TenCommandments,,,document;paragraph,yes,
Law,law,Moral & social life,Ethics/Law,,,document;paragraph,yes,
GospelDistinction,gospel-distinction,Moral & social life,Ethics/GospelDistinction,,,document;paragraph,yes,
ThirdUseOfLaw,third-use-of-law,Moral & social life,Ethics/ThirdUseOfLaw,,,document;paragraph,yes,
Antinomianism,antinomianism,Moral & social life,Ethics/Antinomianism,,,document;paragraph,yes,
Legalism,legalism,Moral & social life,Ethics/Legalism,,,document;paragraph,yes,
Pharisaism,pharisaism,Moral & social life,Ethics/Pharisaism,,,document;paragraph,yes,
Hypocrisy,hypocrisy,Moral & social life,Ethics/Hypocrisy,,,document;paragraph,yes,
Authenticity,authenticity,Moral & social life,Ethics/Authenticity,,,document;paragraph,yes,
PublicFaith,public-faith,Moral & social life,Ethics/PublicFaith,,,document;paragraph,yes,
PrivateFaith,private-faith,Moral & social life,Ethics/PrivateFaith,,,document;paragraph,yes,
Culture,culture,Moral & social life,Ethics/Culture,,,document;paragraph,yes,
Worldliness,worldliness,Moral & social life,Ethics/Worldliness,,,document;paragraph,yes,
Separation,separation,Moral & social life,Ethics/Separation,,,document;paragraph,yes,
Engagement,engagement,Moral & social life,Ethics/Engagement,,,document;paragraph,yes,
CommonGood,common-good,Moral & social life,Ethics/CommonGood,,,document;paragraph,yes,
CreationCare,creation-care,Moral & social life,Ethics/CreationCare,,,document;paragraph,yes,
StewardshipEarth,stewardship-earth,Moral & social life,Ethics/StewardshipEarth,,,document;paragraph,yes,
Suffering,suffering,"Suffering, trial, formation",Formation/Suffering/Suffering,,,document;paragraph,yes,How to use this without drowning
Trial,trial,"Suffering, trial, formation",Formation/Suffering/Trial,,,document;paragraph,yes,
Temptation,temptation,"Suffering, trial, formation",Formation/Suffering/Temptation,,,document;paragraph,yes,
Testing,testing,"Suffering, trial, formation",Formation/Suffering/Testing,,,document;paragraph,yes,
Refining,refining,"Suffering, trial, formation",Formation/Suffering/Refining,,,document;paragraph,yes,
Fire,fire,"Suffering, trial, formation",Formation/Suffering/Fire,,,document;paragraph,yes,
DisciplineOfGod,discipline-of-god,"Suffering, trial, formation",Formation/Suffering/DisciplineOfGod,,,document;paragraph,yes,
Chastening,chastening,"Suffering, trial, formation",Formation/Suffering/Chastening,,,document;paragraph,yes,
Persecution,persecution,"Suffering, trial, formation",Formation/Suffering/Persecution,,,document;paragraph,yes,
Martyrdom,martyrdom,"Suffering, trial, formation",Formation/Suffering/Martyrdom,,,document;paragraph,yes,
WitnessBlood,witness-blood,"Suffering, trial, formation",Formation/Suffering/WitnessBlood,,,document;paragraph,yes,
Endurance,endurance,"Suffering, trial, formation",Formation/Suffering/Endurance,,,document;paragraph,yes,
PatienceSuffering,patience-suffering,"Suffering, trial, formation",Formation/Suffering/PatienceSuffering,,,document;paragraph,yes,
Lament,lament,"Suffering, trial, formation",Formation/Suffering/Lament,,,document;paragraph,yes,
Complaint,complaint,"Suffering, trial, formation",Formation/Suffering/Complaint,,,document;paragraph,yes,
TrustInDark,trust-in-dark,"Suffering, trial, formation",Formation/Suffering/TrustInDark,,,document;paragraph,yes,
ProvidenceInPain,providence-in-pain,"Suffering, trial, formation",Formation/Suffering/ProvidenceInPain,,,document;paragraph,yes,
Theodicy,theodicy,"Suffering, trial, formation",Formation/Suffering/Theodicy,,,document;paragraph,yes,
ProblemOfEvil,problem-of-evil,"Suffering, trial, formation",Formation/Suffering/ProblemOfEvil,,,document;paragraph,yes,
Comfort,comfort,"Suffering, trial, formation",Formation/Suffering/Comfort,,,document;paragraph,yes,
ConsolationOfGod,consolation-of-god,"Suffering, trial, formation",Formation/Suffering/ConsolationOfGod,,,document;paragraph,yes,
PresenceInSuffering,presence-in-suffering,"Suffering, trial, formation",Formation/Suffering/PresenceInSuffering,,,document;paragraph,yes,
CrossShapedLife,cross-shaped-life,"Suffering, trial, formation",Formation/Suffering/CrossShapedLife,,,document;paragraph,yes,
Kenosis,kenosis,"Suffering, trial, formation",Formation/Suffering/Kenosis,,,document;paragraph,yes,
SelfEmptying,self-emptying,"Suffering, trial, formation",Formation/Suffering/SelfEmptying,,,document;paragraph,yes,
Servanthood,servanthood,"Suffering, trial, formation",Formation/Suffering/Servanthood,,,document;paragraph,yes,
GreatnessAsService,greatness-as-service,"Suffering, trial, formation",Formation/Suffering/GreatnessAsService,,,document;paragraph,yes,
Eschatology,eschatology,Eschatology & hope,Doctrine/Eschatology/Eschatology,,T,document;paragraph,yes,
LastThings,last-things,Eschatology & hope,Doctrine/Eschatology/LastThings,,T,document;paragraph,yes,
Millennium,millennium,Eschatology & hope,Doctrine/Eschatology/Millennium,,,document;paragraph,yes,
Amillennial,amillennial,Eschatology & hope,Doctrine/Eschatology/Amillennial,,,document;paragraph,yes,
Premillennial,premillennial,Eschatology & hope,Doctrine/Eschatology/Premillennial,,,document;paragraph,yes,
Postmillennial,postmillennial,Eschatology & hope,Doctrine/Eschatology/Postmillennial,,,document;paragraph,yes,
Rapture,rapture,Eschatology & hope,Doctrine/Eschatology/Rapture,,,document;paragraph,yes,
Tribulation,tribulation,Eschatology & hope,Doctrine/Eschatology/Tribulation,,,document;paragraph,yes,
Antichrist,antichrist,Eschatology & hope,Doctrine/Eschatology/Antichrist,,,document;paragraph,yes,
DayOfTheLord,day-of-the-lord,Eschatology & hope,Doctrine/Eschatology/DayOfTheLord,,,document;paragraph,yes,
ResurrectionOfDead,resurrection-of-dead,Eschatology & hope,Doctrine/Eschatology/ResurrectionOfDead,,,document;paragraph,yes,
FinalJudgment,final-judgment,Eschatology & hope,Doctrine/Eschatology/FinalJudgment,,,document;paragraph,yes,
Bema,bema,Eschatology & hope,Doctrine/Eschatology/Bema,,,document;paragraph,yes,
Rewards,rewards,Eschatology & hope,Doctrine/Eschatology/Rewards,,,document;paragraph,yes,
Crowns,crowns,Eschatology & hope,Doctrine/Eschatology/Crowns,,,document;paragraph,yes,
Inheritance,inheritance,Eschatology & hope,Doctrine/Eschatology/Inheritance,,,document;paragraph,yes,
NewHeavenNewEarth,new-heaven-new-earth,Eschatology & hope,Doctrine/Eschatology/NewHeavenNewEarth,,,document;paragraph,yes,
NewJerusalem,new-jerusalem,Eschatology & hope,Doctrine/Eschatology/NewJerusalem,,,document;paragraph,yes,
RiverOfLife,river-of-life,Eschatology & hope,Doctrine/Eschatology/RiverOfLife,,,document;paragraph,yes,
TreeOfLife,tree-of-life,Eschatology & hope,Doctrine/Eschatology/TreeOfLife,,,document;paragraph,yes,
NoMoreTears,no-more-tears,Eschatology & hope,Doctrine/Eschatology/NoMoreTears,,,document;paragraph,yes,
BeatificVision,beatific-vision,Eschatology & hope,Doctrine/Eschatology/BeatificVision,,,document;paragraph,yes,
UnionConsummated,union-consummated,Eschatology & hope,Doctrine/Eschatology/UnionConsummated,,,document;paragraph,yes,
HopeDeferred,hope-deferred,Eschatology & hope,Doctrine/Eschatology/HopeDeferred,,,document;paragraph,yes,
Maranatha,maranatha,Eschatology & hope,Doctrine/Eschatology/Maranatha,,,document;paragraph,yes,
Watchfulness,watchfulness,Eschatology & hope,Doctrine/Eschatology/Watchfulness,,,document;paragraph,yes,
Readiness,readiness,Eschatology & hope,Doctrine/Eschatology/Readiness,,,document;paragraph,yes,
OilInLamp,oil-in-lamp,Eschatology & hope,Doctrine/Eschatology/OilInLamp,,,document;paragraph,yes,
Bibliology,bibliology,Scripture & knowledge,Scripture/Bibliology,,,document;paragraph,yes,
Inspiration,inspiration,Scripture & knowledge,Scripture/Inspiration,,,document;paragraph,yes,
Inerrancy,inerrancy,Scripture & knowledge,Scripture/Inerrancy,,,document;paragraph,yes,
Infallibility,infallibility,Scripture & knowledge,Scripture/Infallibility,,,document;paragraph,yes,
AuthorityOfScripture,authority-of-scripture,Scripture & knowledge,Scripture/AuthorityOfScripture,,,document;paragraph,yes,
Canon,canon,Scripture & knowledge,Scripture/Canon,,,document;paragraph,yes,
OldTestament,old-testament,Scripture & knowledge,Scripture/OldTestament,,,document;paragraph,yes,
NewTestament,new-testament,Scripture & knowledge,Scripture/NewTestament,,,document;paragraph,yes,
Torah,torah,Scripture & knowledge,Scripture/Torah,,,document;paragraph,yes,
Prophets,prophets,Scripture & knowledge,Scripture/Prophets,,,document;paragraph,yes,
Writings,writings,Scripture & knowledge,Scripture/Writings,,,document;paragraph,yes,
Gospels,gospels,Scripture & knowledge,Scripture/Gospels,,,document;paragraph,yes,
Acts,acts,Scripture & knowledge,Scripture/Acts,,,document;paragraph,yes,
Epistles,epistles,Scripture & knowledge,Scripture/Epistles,,,document;paragraph,yes,
Revelation,revelation,Scripture & knowledge,Scripture/Revelation,,,document;paragraph,yes,
Hermeneutics,hermeneutics,Scripture & knowledge,Scripture/Hermeneutics,,,document;paragraph,yes,
Exegesis,exegesis,Scripture & knowledge,Scripture/Exegesis,,,document;paragraph,yes,
Typology,typology,Scripture & knowledge,Scripture/Typology,,,document;paragraph,yes,
Allegory,allegory,Scripture & knowledge,Scripture/Allegory,,,document;paragraph,yes,
LiteralSense,literal-sense,Scripture & knowledge,Scripture/LiteralSense,,,document;paragraph,yes,
SensusPlenior,sensus-plenior,Scripture & knowledge,Scripture/SensusPlenior,,,document;paragraph,yes,
PromiseFulfillment,promise-fulfillment,Scripture & knowledge,Scripture/PromiseFulfillment,,,document;paragraph,yes,
ChristInAllScripture,christ-in-all-scripture,Scripture & knowledge,Scripture/ChristInAllScripture,,,document;paragraph,yes,
LawGospel,law-gospel,Scripture & knowledge,Scripture/LawGospel,,,document;paragraph,yes,
Continuity,continuity,Scripture & knowledge,Scripture/Continuity,,,document;paragraph,yes,
Discontinuity,discontinuity,Scripture & knowledge,Scripture/Discontinuity,,,document;paragraph,yes,
IsraelAndChurch,israel-and-church,Scripture & knowledge,Scripture/IsraelAndChurch,,,document;paragraph,yes,
Remnant,remnant,Scripture & knowledge,Scripture/Remnant,,,document;paragraph,yes,
Mystery,mystery,Scripture & knowledge,Scripture/Mystery,,,document;paragraph,yes,
RevelationGeneral,revelation-general,Scripture & knowledge,Scripture/RevelationGeneral,,,document;paragraph,yes,
RevelationSpecial,revelation-special,Scripture & knowledge,Scripture/RevelationSpecial,,,document;paragraph,yes,
NaturalTheology,natural-theology,Scripture & knowledge,Scripture/NaturalTheology,,,document;paragraph,yes,
Fideism,fideism,Scripture & knowledge,Scripture/Fideism,,,document;paragraph,yes,
ReasonAndFaith,reason-and-faith,Scripture & knowledge,Scripture/ReasonAndFaith,,,document;paragraph,yes,
MysteryOfFaith,mystery-of-faith,Scripture & knowledge,Scripture/MysteryOfFaith,,,document;paragraph,yes,
MoralOperator,moral-operator,Your Theophysics / operator-adjacent tags,Theophysics/Operators/MoralOperator,,M,document;paragraph,yes,
SinOperator,sin-operator,Your Theophysics / operator-adjacent tags,Theophysics/Operators/SinOperator,,M,document;paragraph,yes,
Decoherence,decoherence,Your Theophysics / operator-adjacent tags,Theophysics/Operators/Decoherence,,S,document;paragraph,yes,
GraceOperator,grace-operator,Your Theophysics / operator-adjacent tags,Theophysics/Operators/GraceOperator,,G,document;paragraph,yes,How to use this without drowning
JudgeAsPayer,judge-as-payer,Your Theophysics / operator-adjacent tags,Theophysics/Operators/JudgeAsPayer,,,document;paragraph,yes,
RecordPreservation,record-preservation,Your Theophysics / operator-adjacent tags,Theophysics/Operators/RecordPreservation,,E,document;paragraph,yes,How to use this without drowning
NonUnitaryRepair,non-unitary-repair,Your Theophysics / operator-adjacent tags,Theophysics/Operators/NonUnitaryRepair,,,document;paragraph,yes,
ExternalInput,external-input,Your Theophysics / operator-adjacent tags,Theophysics/Operators/ExternalInput,,,document;paragraph,yes,
CostBearing,cost-bearing,Your Theophysics / operator-adjacent tags,Theophysics/Operators/CostBearing,,,document;paragraph,yes,
JusticeMercy,justice-mercy,Your Theophysics / operator-adjacent tags,Theophysics/Operators/JusticeMercy,,,document;paragraph,yes,How to use this without drowning
Coherence,coherence,Your Theophysics / operator-adjacent tags,Theophysics/Operators/Coherence,,,document;paragraph,yes,
EntropyMoral,entropy-moral,Your Theophysics / operator-adjacent tags,Theophysics/Operators/EntropyMoral,,S,document;paragraph,yes,
VacuumStabilization,vacuum-stabilization,Your Theophysics / operator-adjacent tags,Theophysics/Operators/VacuumStabilization,,T,document;paragraph,yes,
CouplingArchitecture,coupling-architecture,Your Theophysics / operator-adjacent tags,Theophysics/Operators/CouplingArchitecture,,,document;paragraph,yes,
C0toC1,c0to-c1,Your Theophysics / operator-adjacent tags,Theophysics/Operators/C0toC1,,,document;paragraph,yes,
Localization,localization,Your Theophysics / operator-adjacent tags,Theophysics/Operators/Localization,,,document;paragraph,yes,
LockingThreshold,locking-threshold,Your Theophysics / operator-adjacent tags,Theophysics/Operators/LockingThreshold,,T,document;paragraph,yes,
VoluntaryActivation,voluntary-activation,Your Theophysics / operator-adjacent tags,Theophysics/Operators/VoluntaryActivation,,Q,document;paragraph,yes,
QGate,q-gate,Your Theophysics / operator-adjacent tags,Theophysics/Operators/QGate,,Q,document;paragraph,yes,How to use this without drowning
ProductStructure,product-structure,Your Theophysics / operator-adjacent tags,Theophysics/Operators/ProductStructure,,,document;paragraph,yes,
Chi,chi,Your Theophysics / operator-adjacent tags,Theophysics/Operators/Chi,,C,document;paragraph,yes,
MasterEquation,master-equation,Your Theophysics / operator-adjacent tags,Theophysics/Operators/MasterEquation,,C,document;paragraph,yes,
SemiPelagianKill,semi-pelagian-kill,Your Theophysics / operator-adjacent tags,Theophysics/Operators/SemiPelagianKill,,,document;paragraph,yes,
WorksRighteousness,works-righteousness,Your Theophysics / operator-adjacent tags,Theophysics/Operators/WorksRighteousness,,,document;paragraph,yes,
MeritVsRelationship,merit-vs-relationship,Your Theophysics / operator-adjacent tags,Theophysics/Operators/MeritVsRelationship,,,document;paragraph,yes,
PhariseeFunction,pharisee-function,Your Theophysics / operator-adjacent tags,Theophysics/Operators/PhariseeFunction,,,document;paragraph,yes,How to use this without drowning
HypocrisyOperator,hypocrisy-operator,Your Theophysics / operator-adjacent tags,Theophysics/Operators/HypocrisyOperator,,,document;paragraph,yes,
SelfJustification,self-justification,Your Theophysics / operator-adjacent tags,Theophysics/Operators/SelfJustification,,,document;paragraph,yes,
ExternalCompliance,external-compliance,Your Theophysics / operator-adjacent tags,Theophysics/Operators/ExternalCompliance,,,document;paragraph,yes,
InternalDecoherence,internal-decoherence,Your Theophysics / operator-adjacent tags,Theophysics/Operators/InternalDecoherence,,,document;paragraph,yes,
RepentanceAsReorientation,repentance-as-reorientation,Your Theophysics / operator-adjacent tags,Theophysics/Operators/RepentanceAsReorientation,,,document;paragraph,yes,
FaithAsCoupling,faith-as-coupling,Your Theophysics / operator-adjacent tags,Theophysics/Operators/FaithAsCoupling,,,document;paragraph,yes,
SanctificationAsCoherenceGrowth,sanctification-as-coherence-growth,Your Theophysics / operator-adjacent tags,Theophysics/Operators/SanctificationAsCoherenceGrowth,,,document;paragraph,yes,
ChurchAsDistributedCoupling,church-as-distributed-coupling,Your Theophysics / operator-adjacent tags,Theophysics/Operators/ChurchAsDistributedCoupling,,,document;paragraph,yes,
PentecostRedistribution,pentecost-redistribution,Your Theophysics / operator-adjacent tags,Theophysics/Operators/PentecostRedistribution,,,document;paragraph,yes,
WordAsInformation,word-as-information,Your Theophysics / operator-adjacent tags,Theophysics/Operators/WordAsInformation,,E,document;paragraph,yes,
SacramentAsChannel,sacrament-as-channel,Your Theophysics / operator-adjacent tags,Theophysics/Operators/SacramentAsChannel,,,document;paragraph,yes,
PrayerAsCouplingAct,prayer-as-coupling-act,Your Theophysics / operator-adjacent tags,Theophysics/Operators/PrayerAsCouplingAct,,,document;paragraph,yes,
ObedienceAsAlignment,obedience-as-alignment,Your Theophysics / operator-adjacent tags,Theophysics/Operators/ObedienceAsAlignment,,,document;paragraph,yes,
SinAsSeverance,sin-as-severance,Your Theophysics / operator-adjacent tags,Theophysics/Operators/SinAsSeverance,,S,document;paragraph,yes,
ForgivenessAsDebtRelease,forgiveness-as-debt-release,Your Theophysics / operator-adjacent tags,Theophysics/Operators/ForgivenessAsDebtRelease,,,document;paragraph,yes,
AtonementAsEnergyCost,atonement-as-energy-cost,Your Theophysics / operator-adjacent tags,Theophysics/Operators/AtonementAsEnergyCost,,,document;paragraph,yes,
ResurrectionAsVacuumConfirm,resurrection-as-vacuum-confirm,Your Theophysics / operator-adjacent tags,Theophysics/Operators/ResurrectionAsVacuumConfirm,,,document;paragraph,yes,
SpiritAsIndwellingField,spirit-as-indwelling-field,Your Theophysics / operator-adjacent tags,Theophysics/Operators/SpiritAsIndwellingField,,,document;paragraph,yes,
FreedomAsNonCoercedQ,freedom-as-non-coerced-q,Your Theophysics / operator-adjacent tags,Theophysics/Operators/FreedomAsNonCoercedQ,,Q,document;paragraph,yes,
LoveAsNonForcedRepair,love-as-non-forced-repair,Your Theophysics / operator-adjacent tags,Theophysics/Operators/LoveAsNonForcedRepair,,,document;paragraph,yes,
TruthAsRecord,truth-as-record,Your Theophysics / operator-adjacent tags,Theophysics/Operators/TruthAsRecord,,E,document;paragraph,yes,
HolinessAsCoherencePurity,holiness-as-coherence-purity,Your Theophysics / operator-adjacent tags,Theophysics/Operators/HolinessAsCoherencePurity,,,document;paragraph,yes,
ISO039,i-s-o039,Your Theophysics / operator-adjacent tags,Theophysics/Operators/ISO039,,,document;paragraph,yes,
Level3Correspondence,level3-correspondence,Your Theophysics / operator-adjacent tags,Theophysics/Operators/Level3Correspondence,,,document;paragraph,yes,
InternalModelOnly,internal-model-only,Your Theophysics / operator-adjacent tags,Theophysics/Operators/InternalModelOnly,,,document;paragraph,yes,
DomainTransfer,domain-transfer,Your Theophysics / operator-adjacent tags,Theophysics/Operators/DomainTransfer,,,document;paragraph,yes,
Falsifiability,falsifiability,Your Theophysics / operator-adjacent tags,Theophysics/Operators/Falsifiability,,,document;paragraph,yes,
OpenObligation,open-obligation,Your Theophysics / operator-adjacent tags,Theophysics/Operators/OpenObligation,,,document;paragraph,yes,
Seeker,seeker,Life-stage & vocation tags,Vocation/Seeker,,,document;paragraph,yes,
Convert,convert,Life-stage & vocation tags,Vocation/Convert,,,document;paragraph,yes,
NewBeliever,new-believer,Life-stage & vocation tags,Vocation/NewBeliever,,,document;paragraph,yes,
MatureDisciple,mature-disciple,Life-stage & vocation tags,Vocation/MatureDisciple,,,document;paragraph,yes,
ElderSaint,elder-saint,Life-stage & vocation tags,Vocation/ElderSaint,,,document;paragraph,yes,
WoundedBeliever,wounded-believer,Life-stage & vocation tags,Vocation/WoundedBeliever,,,document;paragraph,yes,
Prodigal,prodigal,Life-stage & vocation tags,Vocation/Prodigal,,,document;paragraph,yes,
Returner,returner,Life-stage & vocation tags,Vocation/Returner,,,document;paragraph,yes,
Doubter,doubter,Life-stage & vocation tags,Vocation/Doubter,,,document;paragraph,yes,
Deconstructing,deconstructing,Life-stage & vocation tags,Vocation/Deconstructing,,,document;paragraph,yes,
Reconstructing,reconstructing,Life-stage & vocation tags,Vocation/Reconstructing,,,document;paragraph,yes,
Leader,leader,Life-stage & vocation tags,Vocation/Leader,,,document;paragraph,yes,
Pastor,pastor,Life-stage & vocation tags,Vocation/Pastor,,,document;paragraph,yes,
Teacher,teacher,Life-stage & vocation tags,Vocation/Teacher,,,document;paragraph,yes,
Evangelist,evangelist,Life-stage & vocation tags,Vocation/Evangelist,,,document;paragraph,yes,
Apostolic,apostolic,Life-stage & vocation tags,Vocation/Apostolic,,,document;paragraph,yes,
ProphetRole,prophet-role,Life-stage & vocation tags,Vocation/ProphetRole,,,document;paragraph,yes,
PriestlyRole,priestly-role,Life-stage & vocation tags,Vocation/PriestlyRole,,,document;paragraph,yes,
KinglyService,kingly-service,Life-stage & vocation tags,Vocation/KinglyService,,,document;paragraph,yes,
MarketplaceChristian,marketplace-christian,Life-stage & vocation tags,Vocation/MarketplaceChristian,,,document;paragraph,yes,
Artist,artist,Life-stage & vocation tags,Vocation/Artist,,,document;paragraph,yes,
Scholar,scholar,Life-stage & vocation tags,Vocation/Scholar,,,document;paragraph,yes,
Parent,parent,Life-stage & vocation tags,Vocation/Parent,,,document;paragraph,yes,
Spouse,spouse,Life-stage & vocation tags,Vocation/Spouse,,,document;paragraph,yes,
Widow,widow,Life-stage & vocation tags,Vocation/Widow,,,document;paragraph,yes,
OrphanCare,orphan-care,Life-stage & vocation tags,Vocation/OrphanCare,,,document;paragraph,yes,
Disabled,disabled,Life-stage & vocation tags,Vocation/Disabled,,,document;paragraph,yes,
Ill,ill,Life-stage & vocation tags,Vocation/Ill,,,document;paragraph,yes,
Dying,dying,Life-stage & vocation tags,Vocation/Dying,,,document;paragraph,yes,
Grieving,grieving,Life-stage & vocation tags,Vocation/Grieving,,,document;paragraph,yes,
Youth,youth,Life-stage & vocation tags,Vocation/Youth,,,document;paragraph,yes,
ChildrenFaith,children-faith,Life-stage & vocation tags,Vocation/ChildrenFaith,,,document;paragraph,yes,
Aging,aging,Life-stage & vocation tags,Vocation/Aging,,,document;paragraph,yes,
FinishWell,finish-well,Life-stage & vocation tags,Vocation/FinishWell,,,document;paragraph,yes,
LoveOfGod,love-of-god,Relational tags,Relations/LoveOfGod,,,document;paragraph,yes,
LoveOfNeighbor,love-of-neighbor,Relational tags,Relations/LoveOfNeighbor,,,document;paragraph,yes,
LoveOfEnemy,love-of-enemy,Relational tags,Relations/LoveOfEnemy,,,document;paragraph,yes,
Brotherhood,brotherhood,Relational tags,Relations/Brotherhood,,,document;paragraph,yes,
Sisterhood,sisterhood,Relational tags,Relations/Sisterhood,,,document;paragraph,yes,
SpiritualFriendship,spiritual-friendship,Relational tags,Relations/SpiritualFriendship,,,document;paragraph,yes,
MarriageLove,marriage-love,Relational tags,Relations/MarriageLove,,,document;paragraph,yes,
ParentalLove,parental-love,Relational tags,Relations/ParentalLove,,,document;paragraph,yes,
ChurchFamily,church-family,Relational tags,Relations/ChurchFamily,,,document;paragraph,yes,
ReconciliationHorizontal,reconciliation-horizontal,Relational tags,Relations/ReconciliationHorizontal,,,document;paragraph,yes,
ReconciliationVertical,reconciliation-vertical,Relational tags,Relations/ReconciliationVertical,,,document;paragraph,yes,
Boundary,boundary,Relational tags,Relations/Boundary,,,document;paragraph,yes,
AccountabilityLove,accountability-love,Relational tags,Relations/AccountabilityLove,,,document;paragraph,yes,
TruthInLove,truth-in-love,Relational tags,Relations/TruthInLove,,,document;paragraph,yes,
Admonition,admonition,Relational tags,Relations/Admonition,,,document;paragraph,yes,
Encouragement,encouragement,Relational tags,Relations/Encouragement,,,document;paragraph,yes,
Exhortation,exhortation,Relational tags,Relations/Exhortation,,,document;paragraph,yes,
ComfortOneAnother,comfort-one-another,Relational tags,Relations/ComfortOneAnother,,,document;paragraph,yes,
BearBurdens,bear-burdens,Relational tags,Relations/BearBurdens,,,document;paragraph,yes,
OneAnotherCommands,one-another-commands,Relational tags,Relations/OneAnotherCommands,,,document;paragraph,yes,
Sin,sin,"Conflict, failure, repair",Repair/Sin,,S,document;paragraph,yes,
Transgression,transgression,"Conflict, failure, repair",Repair/Transgression,,,document;paragraph,yes,
Iniquity,iniquity,"Conflict, failure, repair",Repair/Iniquity,,,document;paragraph,yes,
Trespass,trespass,"Conflict, failure, repair",Repair/Trespass,,,document;paragraph,yes,
Guilt,guilt,"Conflict, failure, repair",Repair/Guilt,,,document;paragraph,yes,
Shame,shame,"Conflict, failure, repair",Repair/Shame,,,document;paragraph,yes,
Blame,blame,"Conflict, failure, repair",Repair/Blame,,,document;paragraph,yes,
ConfessionToGod,confession-to-god,"Conflict, failure, repair",Repair/ConfessionToGod,,,document;paragraph,yes,
ConfessionToOther,confession-to-other,"Conflict, failure, repair",Repair/ConfessionToOther,,,document;paragraph,yes,
Absolution,absolution,"Conflict, failure, repair",Repair/Absolution,,,document;paragraph,yes,
ForgivingOthers,forgiving-others,"Conflict, failure, repair",Repair/ForgivingOthers,,,document;paragraph,yes,
Unforgiveness,unforgiveness,"Conflict, failure, repair",Repair/Unforgiveness,,,document;paragraph,yes,
Bitterness,bitterness,"Conflict, failure, repair",Repair/Bitterness,,,document;paragraph,yes,
Resentment,resentment,"Conflict, failure, repair",Repair/Resentment,,,document;paragraph,yes,
Revenge,revenge,"Conflict, failure, repair",Repair/Revenge,,,document;paragraph,yes,
Restitution,restitution,"Conflict, failure, repair",Repair/Restitution,,,document;paragraph,yes,
Repair,repair,"Conflict, failure, repair",Repair/Repair,,,document;paragraph,yes,
ChurchConflict,church-conflict,"Conflict, failure, repair",Repair/ChurchConflict,,,document;paragraph,yes,
Division,division,"Conflict, failure, repair",Repair/Division,,,document;paragraph,yes,
HeresyHandling,heresy-handling,"Conflict, failure, repair",Repair/HeresyHandling,,,document;paragraph,yes,
FalseTeaching,false-teaching,"Conflict, failure, repair",Repair/FalseTeaching,,,document;paragraph,yes,
FalseProphet,false-prophet,"Conflict, failure, repair",Repair/FalseProphet,,,document;paragraph,yes,
DiscernmentOfSpirits,discernment-of-spirits,"Conflict, failure, repair",Repair/DiscernmentOfSpirits,,,document;paragraph,yes,
TestingSpirits,testing-spirits,"Conflict, failure, repair",Repair/TestingSpirits,,,document;paragraph,yes,
Wolves,wolves,"Conflict, failure, repair",Repair/Wolves,,,document;paragraph,yes,
Sheep,sheep,"Conflict, failure, repair",Repair/Sheep,,,document;paragraph,yes,
ShepherdFailure,shepherd-failure,"Conflict, failure, repair",Repair/ShepherdFailure,,,document;paragraph,yes,
RestorationOfFallen,restoration-of-fallen,"Conflict, failure, repair",Repair/RestorationOfFallen,,,document;paragraph,yes,
Word,word,How to use this without drowning,How to use this without drowning/Word,,,document;paragraph,yes,
